Year,Rank,University,Score,Link,Country,City,Region,Logo
2017,244, university of dundee,42,https://www.topuniversities.com/universities/university-dundee,United Kingdom,Dundee,https://www.topuniversities.com/sites/default/files/-university-of-dundee_592560cf2aeae70239af4b2c_small.jpg
2017,Europe
2017,374,aalborg university,32,https://www.topuniversities.com/universities/aalborg-university,Denmark,Aalborg,https://www.topuniversities.com/sites/default/files/aalborg-university_1262_small.jpg
2017,Europe
2017,133,aalto university,57,https://www.topuniversities.com/universities/aalto-university,Finland,Espoo,https://www.topuniversities.com/sites/default/files/aalto-university_261_small.jpg
2017,Europe
2017,236,al-farabi kazakh national university,43,https://www.topuniversities.com/universities/al-farabi-kazakh-national-university,Kazakhstan,Almaty,https://www.topuniversities.com/sites/default/files/al-farabi-kazakh-national-university_2146_small.jpg
2017,Asia
2017,208,alma mater studiorum - university of bologna,46,https://www.topuniversities.com/universities/alma-mater-studiorum-university-bologna,Italy,Bologna,https://www.topuniversities.com/sites/default/files/alma-mater-studiorum-university-of-bologna_592560cf2aeae70239af4ac0_small.jpg
2017,Europe
2017,228,american university of beirut (aub),43,https://www.topuniversities.com/universities/american-university-beirut-aub,Lebanon,Beirut ,https://www.topuniversities.com/sites/default/files/american-university-of-beirut-aub_780_small.jpg
2017,Asia
2017,222,arizona state university,44,https://www.topuniversities.com/universities/arizona-state-university,United States,Phoenix,https://www.topuniversities.com/sites/default/files/arizona-state-university_592560cf2aeae70239af4a9c_small.jpg
2017,North America
2017,389,beijing institute of technology,31,https://www.topuniversities.com/universities/beijing-institute-technology,China (Mainland),Beijing,https://www.topuniversities.com/sites/default/files/beijing-institute-of-technology_868_small.jpg
2017,Asia
2017,354,belarusian state university,33,https://www.topuniversities.com/universities/belarusian-state-university,Belarus,Minsk,https://www.topuniversities.com/sites/default/files/belarusian-state-university_14128_small.jpg
2017,Europe
2017,320,ben-gurion university of the negev,35,https://www.topuniversities.com/universities/ben-gurion-university-negev,Israel,Be'er Sheva,https://www.topuniversities.com/sites/default/files/ben-gurion-university-of-the-negev_592560cf2aeae70239af4ab7_small.jpg
2017,Asia
2017,299,boston college,37,https://www.topuniversities.com/universities/boston-college,United States,Newton,https://www.topuniversities.com/sites/default/files/boston-college_723_small.jpg
2017,North America
2017,49,brown university,78,https://www.topuniversities.com/universities/brown-university,United States,Providence,https://www.topuniversities.com/sites/default/files/brown-university_72_small.jpg
2017,North America
2017,5,california institute of technology (caltech),97,https://www.topuniversities.com/universities/california-institute-technology-caltech,United States,Pasadena,https://www.topuniversities.com/sites/default/files/california-institute-of-technology-caltech_94_small.jpg
2017,North America
2017,140,cardiff university,56,https://www.topuniversities.com/universities/cardiff-university,United Kingdom,Cardiff,https://www.topuniversities.com/sites/default/files/cardiff-university_592560cf2aeae70239af4ae6_small.jpg
2017,Europe
2017,58,carnegie mellon university,74,https://www.topuniversities.com/universities/carnegie-mellon-university,United States,Pittsburgh,https://www.topuniversities.com/sites/default/files/carnegie-mellon-university_101_small.jpg
2017,North America
2017,202,case western reserve university,46,https://www.topuniversities.com/universities/case-western-reserve-university,United States,Cleveland,https://www.topuniversities.com/sites/default/files/case-western-reserve-university_102_small.jpg
2017,North America
2017,164,centralesup„©lec,52,https://www.topuniversities.com/universities/centralesupelec,France,Saint-Aubin,https://www.topuniversities.com/sites/default/files/centralesuplec_173_small.jpg
2017,Europe
2017,302,charles university,37,https://www.topuniversities.com/universities/charles-university,Czech Republic,Prague,https://www.topuniversities.com/sites/default/files/charles-university_117_small.jpg
2017,Europe
2017,252,chulalongkorn university,41,https://www.topuniversities.com/universities/chulalongkorn-university,Thailand,Bangkok,https://www.topuniversities.com/sites/default/files/chulalongkorn-university_592560cf2aeae70239af4b01_small.jpg
2017,Asia
2017,386,chung-ang university (cau),31,https://www.topuniversities.com/universities/chung-ang-university-cau,South Korea,Seoul,https://www.topuniversities.com/sites/default/files/chung-ang-university-cau_1042_small.jpg
2017,Asia
2017,314,city|| university of london,36,https://www.topuniversities.com/universities/city-university-london,United Kingdom,London,https://www.topuniversities.com/sites/default/files/city-university-of-london_354_small.jpg
2017,Europe
2017,20,columbia university,89,https://www.topuniversities.com/universities/columbia-university,United States,New York City,https://www.topuniversities.com/sites/default/files/columbia-university_138_small.jpg
2017,North America
2017,16,cornell university,90,https://www.topuniversities.com/universities/cornell-university,United States,Ithaca,https://www.topuniversities.com/sites/default/files/cornell-university_143_small.jpg
2017,North America
2017,306,curtin university,36,https://www.topuniversities.com/universities/curtin-university,Australia,Perth,https://www.topuniversities.com/sites/default/files/curtin-university_150_small.jpg
2017,Oceania
2017,158,dartmouth college,53,https://www.topuniversities.com/universities/dartmouth-college,United States,Hanover,https://www.topuniversities.com/sites/default/files/dartmouth-college_592560cf2aeae70239af4b1c_small.jpg
2017,North America
2017,62,delft university of technology,72,https://www.topuniversities.com/universities/delft-university-technology,Netherlands,Delft,https://www.topuniversities.com/sites/default/files/delft-university-of-technology_155_small.jpg
2017,Europe
2017,74,durham university,69,https://www.topuniversities.com/universities/durham-university,United Kingdom,Durham,https://www.topuniversities.com/sites/default/files/durham-university_170_small.jpg
2017,Europe
2017,14,epfl,91,https://www.topuniversities.com/universities/epfl,Switzerland,Lausanne,https://www.topuniversities.com/sites/default/files/epfl-ecole-polytechnique-federale-de-lausanne_592560cf2aeae70239af4b34_small.jpg
2017,Europe
2017,53,ecole polytechnique,76,https://www.topuniversities.com/universities/ecole-polytechnique,France,Palaiseau,https://www.topuniversities.com/sites/default/files/ecole-polytechnique_592560cf2aeae70239af4b36_small.jpg
2017,Europe
2017,268,ecole des ponts paristech,39,https://www.topuniversities.com/universities/ecole-des-ponts-paristech,France,Paris,https://www.topuniversities.com/sites/default/files/ecole-des-ponts-paristech_187_small.jpg
2017,Europe
2017,121,eindhoven university of technology,59,https://www.topuniversities.com/universities/eindhoven-university-technology,Netherlands,Eindhoven,https://www.topuniversities.com/sites/default/files/eindhoven-university-of-technology_592560cf2aeae70239af4b3c_small.jpg
2017,Europe
2017,149,emory university,54,https://www.topuniversities.com/universities/emory-university,United States,Atlanta,https://www.topuniversities.com/sites/default/files/emory-university_185_small.jpg
2017,North America
2017,144,erasmus university rotterdam ,56,https://www.topuniversities.com/universities/erasmus-university-rotterdam,Netherlands,Rotterdam,https://www.topuniversities.com/sites/default/files/erasmus-university-rotterdam_190_small.jpg
2017,Europe
2017,363,george washington university,32,https://www.topuniversities.com/universities/george-washington-university,United States,Ashburn,https://www.topuniversities.com/sites/default/files/george-washington-university_223_small.jpg
2017,North America
2017,264,goethe-university frankfurt am main,39,https://www.topuniversities.com/universities/goethe-university-frankfurt-am-main,Germany,Frankfurt,https://www.topuniversities.com/sites/default/files/universitt-frankfurt-am-main_214_small.jpg
2017,Europe
2017,336,griffith university,34,https://www.topuniversities.com/universities/griffith-university,Australia,Nathan,https://www.topuniversities.com/sites/default/files/griffith-university_242_small.jpg
2017,Oceania
2017,278,harbin institute of technology,38,https://www.topuniversities.com/universities/harbin-institute-technology,China (Mainland),Harbin,https://www.topuniversities.com/sites/default/files/harbin-institute-of-technology_877_small.jpg
2017,Asia
2017,3,harvard university,98,https://www.topuniversities.com/universities/harvard-university,United States,Cambridge,https://www.topuniversities.com/sites/default/files/harvard-university_253_small.jpg
2017,North America
2017,327,heriot-watt university,35,https://www.topuniversities.com/universities/heriot-watt-university,United Kingdom,Edinburgh,https://www.topuniversities.com/sites/default/files/heriot-watt-university_592560cf2aeae70239af4d5f_small.jpg
2017,Europe
2017,297,hiroshima university,37,https://www.topuniversities.com/universities/hiroshima-university,Japan,Higashihiroshima City,https://www.topuniversities.com/sites/default/files/hiroshima-university_264_small.jpg
2017,Asia
2017,130,hokkaido university,58,https://www.topuniversities.com/universities/hokkaido-university,Japan,Sapporo,https://www.topuniversities.com/sites/default/files/hokkaido-university_266_small.jpg
2017,Asia
2017,9,imperial college london,94,https://www.topuniversities.com/universities/imperial-college-london,United Kingdom,London,https://www.topuniversities.com/sites/default/files/imperial-college-london_592560cf2aeae70239af4be8_small.jpg
2017,Europe
2017,302,indian institute of technology kanpur (iitk),37,https://www.topuniversities.com/universities/indian-institute-technology-kanpur-iitk,India,Kanpur,https://www.topuniversities.com/sites/default/files/indian-institute-of-technology-kanpur-iitk_592560cf2aeae70239af4ba5_small.jpg
2017,Asia
2017,399,indian institute of technology roorkee (iitr),30,https://www.topuniversities.com/universities/indian-institute-technology-roorkee-iitr,India,Roorkee,https://www.topuniversities.com/sites/default/files/indian-institute-of-technology-roorkee-iitr_287_small.jpg
2017,Asia
2017,46,kaist - korea advanced institute of science & technology,78,https://www.topuniversities.com/universities/kaist-korea-advanced-institute-science-technology,South Korea,Daejeon,https://www.topuniversities.com/sites/default/files/kaist-korea-advanced-institute-of-science-technology_324_small.jpg
2017,Asia
2017,216,keio university,45,https://www.topuniversities.com/universities/keio-university,Japan,Tokyo,https://www.topuniversities.com/sites/default/files/keio-university_592560cf2aeae70239af4bbe_small.jpg
2017,Asia
2017,283,king abdulaziz university (kau),38,https://www.topuniversities.com/universities/king-abdulaziz-university-kau,Saudi Arabia,Jeddah,https://www.topuniversities.com/sites/default/files/king-abdulaziz-university-kau_1172_small.jpg
2017,Asia
2017,189,king fahd university of petroleum & minerals,48,https://www.topuniversities.com/universities/king-fahd-university-petroleum-minerals,Saudi Arabia,Dhahran,https://www.topuniversities.com/sites/default/files/king-fahd-university-of-petroleum-minerals_779_small.jpg
2017,Asia
2017,369,kobe university,32,https://www.topuniversities.com/universities/kobe-university,Japan,Kobe City,https://www.topuniversities.com/sites/default/files/kobe-university_320_small.jpg
2017,Asia
2017,264,kyung hee university,39,https://www.topuniversities.com/universities/kyung-hee-university,South Korea,,https://www.topuniversities.com/sites/default/files/kyung-hee-university_592560cf2aeae70239af4bcd_small.jpg
2017,Asia
2017,345,l.n. gumilyov eurasian national university (enu),34,https://www.topuniversities.com/universities/ln-gumilyov-eurasian-national-university-enu,Kazakhstan,Nur-Sultan,https://www.topuniversities.com/sites/default/files/l.n.-gumilyov-eurasian-national-university-enu_592560cf2aeae70239af52e8_small.jpg
2017,Asia
2017,102,leiden university,63,https://www.topuniversities.com/universities/leiden-university,Netherlands,Leiden,https://www.topuniversities.com/sites/default/files/leiden-university_340_small.jpg
2017,Europe
2017,343,lincoln university ,34,https://www.topuniversities.com/universities/lincoln-university,New Zealand,Lincoln,https://www.topuniversities.com/sites/default/files/lincoln-university-_592560cf2aeae70239af4ef3_small.jpg
2017,Oceania
2017,282,link„∂ping university,38,https://www.topuniversities.com/universities/linkoping-university,Sweden,Link√∂ping,https://www.topuniversities.com/sites/default/files/linkping-university_348_small.jpg
2017,Europe
2017,108,lomonosov moscow state university,62,https://www.topuniversities.com/universities/lomonosov-moscow-state-university,Russia,Moscow,https://www.topuniversities.com/sites/default/files/lomonosov-moscow-state-university-_592560cf2aeae70239af4c27_small.jpg
2017,Europe
2017,68,ludwig-maximilians-universit„§t m„ºnchen,70,https://www.topuniversities.com/universities/ludwig-maximilians-universitat-munchen,Germany,Munich,https://www.topuniversities.com/sites/default/files/ludwig-maximilians-universitt-mnchen_420_small.jpg
2017,Europe
2017,1,massachusetts institute of technology (mit) ,100,https://www.topuniversities.com/universities/massachusetts-institute-technology-mit,United States,Cambridge,https://www.topuniversities.com/sites/default/files/massachusetts-institute-of-technology-mit_410_small.jpg
2017,North America
2017,340,massey university,34,https://www.topuniversities.com/universities/massey-university,New Zealand,Palmerston North,https://www.topuniversities.com/sites/default/files/massey-university_395_small.jpg
2017,Oceania
2017,30,mcgill university,84,https://www.topuniversities.com/universities/mcgill-university,Canada,Montreal,https://www.topuniversities.com/sites/default/files/mcgill-university_592560cf2aeae70239af4c10_small.jpg
2017,North America
2017,160,michigan state university,53,https://www.topuniversities.com/universities/michigan-state-university,United States,East Lansing,https://www.topuniversities.com/sites/default/files/michigan-state-university_402_small.jpg
2017,North America
2017,350,moscow institute of physics and technology (mipt / moscow phystech),33,https://www.topuniversities.com/universities/moscow-institute-physics-technology-mipt-moscow-phystech,Russia,Dolgoprudny,https://www.topuniversities.com/sites/default/files/moscow-institute-of-physics-and-technology-mipt-moscow-phystech_15270_small.jpg
2017,Europe
2017,115,nagoya university,60,https://www.topuniversities.com/universities/nagoya-university,Japan,Nagoya,https://www.topuniversities.com/sites/default/files/nagoya-university_427_small.jpg
2017,Asia
2017,174,national chiao tung university,50,https://www.topuniversities.com/universities/national-chiao-tung-university,Taiwan,Hsinchu City,https://www.topuniversities.com/sites/default/files/national-chiao-tung-university_437_small.jpg
2017,Asia
2017,400,national research tomsk polytechnic university,30,https://www.topuniversities.com/universities/national-research-tomsk-polytechnic-university,Russia,,https://www.topuniversities.com/sites/default/files/national-research-tomsk-polytechnic-university_14158_small.jpg
2017,Europe
2017,395,national sun yat-sen university,31,https://www.topuniversities.com/universities/national-sun-yat-sen-university,Taiwan,Kaohsiung City,https://www.topuniversities.com/sites/default/files/national-sun-yat-sen-university_439_small.jpg
2017,Asia
2017,310,national taiwan normal university,36,https://www.topuniversities.com/universities/national-taiwan-normal-university,Taiwan,Taipei City,https://www.topuniversities.com/sites/default/files/national-taiwan-normal-university_440_small.jpg
2017,Asia
2017,249,national university of ireland galway,41,https://www.topuniversities.com/universities/national-university-ireland-galway,Ireland,Galway,https://www.topuniversities.com/sites/default/files/national-university-of-ireland-galway_220_small.jpg
2017,Europe
2017,168,newcastle university,52,https://www.topuniversities.com/universities/newcastle-university,United Kingdom,Newcastle upon Tyne,https://www.topuniversities.com/sites/default/files/newcastle-university_592560cf2aeae70239af4c45_small.jpg
2017,Europe
2017,26,northwestern university,86,https://www.topuniversities.com/universities/northwestern-university,United States,Evanston,https://www.topuniversities.com/sites/default/files/northwestern-university_592560cf2aeae70239af4c50_small.jpg
2017,North America
2017,11,princeton university,93,https://www.topuniversities.com/universities/princeton-university,United States,Princeton,https://www.topuniversities.com/sites/default/files/princeton-university_508_small.jpg
2017,North America
2017,92,purdue university,65,https://www.topuniversities.com/universities/purdue-university,United States,West Lafayette,https://www.topuniversities.com/sites/default/files/purdue-university_510_small.jpg
2017,North America
2017,123,queen mary university of london,59,https://www.topuniversities.com/universities/queen-mary-university-london,United Kingdom,London,https://www.topuniversities.com/sites/default/files/queen-mary-university-of-london_592560cf2aeae70239af4bea_small.jpg
2017,Europe
2017,223,queen's university at kingston,44,https://www.topuniversities.com/universities/queens-university-kingston,Canada,Kingston,https://www.topuniversities.com/sites/default/files/queens-university-at-kingston_513_small.jpg
2017,North America
2017,276,queensland university of technology (qut),38,https://www.topuniversities.com/universities/queensland-university-technology-qut,Australia,Brisbane,https://www.topuniversities.com/sites/default/files/queensland-university-of-technology-qut_592560cf2aeae70239af4c88_small.jpg
2017,Oceania
2017,146,rwth aachen university,55,https://www.topuniversities.com/universities/rwth-aachen-university,Germany,Aachen,https://www.topuniversities.com/sites/default/files/rwth-aachen-university_4_small.jpg
2017,Europe
2017,310,rensselaer polytechnic institute,36,https://www.topuniversities.com/universities/rensselaer-polytechnic-institute,United States,Troy,https://www.topuniversities.com/sites/default/files/rensselaer-polytechnic-institute_522_small.jpg
2017,North America
2017,90,rice university,65,https://www.topuniversities.com/universities/rice-university,United States,Houston,https://www.topuniversities.com/sites/default/files/rice-university_524_small.jpg
2017,North America
2017,72,ruprecht-karls-universit„§t heidelberg,70,https://www.topuniversities.com/universities/ruprecht-karls-universitat-heidelberg,Germany,Heidelberg,https://www.topuniversities.com/sites/default/files/ruprecht-karls-universitaet-heidelberg_259_small.jpg
2017,Europe
2017,252,soas university of london ,41,https://www.topuniversities.com/universities/soas-university-london,United Kingdom,London,https://www.topuniversities.com/sites/default/files/soas-university-of-london-_592560cf2aeae70239af4bf0_small.jpg
2017,Europe
2017,258,saint petersburg state university,40,https://www.topuniversities.com/universities/saint-petersburg-state-university,Russia,Saint Petersburg,https://www.topuniversities.com/sites/default/files/saint-petersburg-state-university_592560cf2aeae70239af4cc0_small.jpg
2017,Europe
2017,220,sciences po ,45,https://www.topuniversities.com/universities/sciences-po,France,Paris,https://www.topuniversities.com/sites/default/files/sciences-po-_592560cf2aeae70239af4c64_small.jpg
2017,Europe
2017,226,simon fraser university,44,https://www.topuniversities.com/universities/simon-fraser-university,Canada,Burnaby,https://www.topuniversities.com/sites/default/files/simon-fraser-university_562_small.jpg
2017,North America
2017,395,stellenbosch university,31,https://www.topuniversities.com/universities/stellenbosch-university,South Africa,Stellenbosch,https://www.topuniversities.com/sites/default/files/stellenbosch-university_574_small.jpg
2017,Africa
2017,196,stockholm university,47,https://www.topuniversities.com/universities/stockholm-university,Sweden,Stockholm,https://www.topuniversities.com/sites/default/files/stockholm-university_577_small.jpg
2017,Europe
2017,106,sungkyunkwan university(skku),62,https://www.topuniversities.com/universities/sungkyunkwan-universityskku,South Korea,Suwon,https://www.topuniversities.com/sites/default/files/sungkyunkwan-universityskku_592560cf2aeae70239af4cc9_small.jpg
2017,Asia
2017,390,swansea university,31,https://www.topuniversities.com/universities/swansea-university,United Kingdom,Swansea,https://www.topuniversities.com/sites/default/files/swansea-university_592560cf2aeae70239af4cce_small.jpg
2017,Europe
2017,247,technical university of darmstadt,41,https://www.topuniversities.com/universities/technical-university-darmstadt,Germany,Darmstadt,https://www.topuniversities.com/sites/default/files/technische-universitt-darmstadt_628_small.jpg
2017,Europe
2017,60,technical university of munich,72,https://www.topuniversities.com/universities/technical-university-munich,Germany,Munich,https://www.topuniversities.com/sites/default/files/technical-university-of-munich_599_small.jpg
2017,Europe
2017,164,technische universit„§t berlin (tu berlin),52,https://www.topuniversities.com/universities/technische-universitat-berlin-tu-berlin,Germany,Berlin,https://www.topuniversities.com/sites/default/files/technische-universitt-berlin-tu-berlin_595_small.jpg
2017,Europe
2017,183,technische universit„§t wien,49,https://www.topuniversities.com/universities/vienna-university-technology,Austria,Vienna,https://www.topuniversities.com/sites/default/files/vienna-university-of-technology_653_small.jpg
2017,Europe
2017,212,tel aviv university,46,https://www.topuniversities.com/universities/tel-aviv-university,Israel,Tel Aviv,https://www.topuniversities.com/sites/default/files/tel-aviv-university_592560cf2aeae70239af4cde_small.jpg
2017,Asia
2017,365,the american university in cairo,32,https://www.topuniversities.com/universities/american-university-cairo,Egypt,Cairo,https://www.topuniversities.com/sites/default/files/the-american-university-in-cairo_36_small.jpg
2017,Africa
2017,22,the australian national university,87,https://www.topuniversities.com/universities/australian-national-university,Australia,Canberra,https://www.topuniversities.com/sites/default/files/the-australian-national-university_40_small.jpg
2017,Oceania
2017,44,the chinese university of hong kong (cuhk),78,https://www.topuniversities.com/universities/chinese-university-hong-kong-cuhk,Hong Kong SAR,Hong Kong,https://www.topuniversities.com/sites/default/files/the-chinese-university-of-hong-kong-cuhk_123_small.jpg
2017,Asia
2017,148,the hebrew university of jerusalem,54,https://www.topuniversities.com/universities/hebrew-university-jerusalem,Israel,Jerusalem,https://www.topuniversities.com/sites/default/files/the-hebrew-university-of-jerusalem_256_small.jpg
2017,Asia
2017,36,the hong kong university of science and technology,82,https://www.topuniversities.com/universities/hong-kong-university-science-technology,Hong Kong SAR,Hong Kong,https://www.topuniversities.com/sites/default/files/the-hong-kong-university-of-science-and-technology_269_small.jpg
2017,Asia
2017,37,the london school of economics and political science (lse),82,https://www.topuniversities.com/universities/london-school-economics-political-science-lse,United Kingdom,London,https://www.topuniversities.com/sites/default/files/london-school-of-economics-and-political-science-lse_362_small.jpg
2017,Europe
2017,88,the ohio state university,65,https://www.topuniversities.com/universities/ohio-state-university,United States,Columbus,https://www.topuniversities.com/sites/default/files/the-ohio-state-university_465_small.jpg
2017,North America
2017,42,the university of melbourne,80,https://www.topuniversities.com/universities/university-melbourne,Australia,Parkville,https://www.topuniversities.com/sites/default/files/the-university-of-melbourne_399_small.jpg
2017,Oceania
2017,84,the university of sheffield,67,https://www.topuniversities.com/universities/university-sheffield,United Kingdom,Sheffield,https://www.topuniversities.com/sites/default/files/the-university-of-sheffield_592560cf2aeae70239af4cb1_small.jpg
2017,Europe
2017,46,the university of sydney,78,https://www.topuniversities.com/universities/university-sydney,Australia,Sydney,https://www.topuniversities.com/sites/default/files/the-university-of-sydney_592560cf2aeae70239af4cd0_small.jpg
2017,Oceania
2017,34,the university of tokyo,83,https://www.topuniversities.com/universities/university-tokyo,Japan,Tokyo,https://www.topuniversities.com/sites/default/files/the-university-of-tokyo_615_small.jpg
2017,Asia
2017,51,the university of warwick,78,https://www.topuniversities.com/universities/university-warwick,United Kingdom,Coventry,https://www.topuniversities.com/sites/default/files/the-university-of-warwick_664_small.jpg
2017,Europe
2017,330,tilburg university,35,https://www.topuniversities.com/universities/tilburg-university,Netherlands,Tilburg,https://www.topuniversities.com/sites/default/files/tilburg-university_592560cf2aeae70239af4ce5_small.jpg
2017,Europe
2017,56,tokyo institute of technology (tokyo tech),75,https://www.topuniversities.com/universities/tokyo-institute-technology-tokyo-tech,Japan,Tokyo,https://www.topuniversities.com/sites/default/files/tokyo-institute-of-technology_592560cf2aeae70239af4ceb_small.jpg
2017,Asia
2017,315,tongji university,36,https://www.topuniversities.com/universities/tongji-university,China (Mainland),Shanghai,https://www.topuniversities.com/sites/default/files/tongji-university_617_small.jpg
2017,Asia
2017,98,trinity college dublin|| the university of dublin,63,https://www.topuniversities.com/universities/trinity-college-dublin-university-dublin,Ireland,Dublin,https://www.topuniversities.com/sites/default/files/trinity-college-dublin-the-university-of-dublin_167_small.jpg
2017,Europe
2017,24,tsinghua university,86,https://www.topuniversities.com/universities/tsinghua-university,China (Mainland),Beijing,https://www.topuniversities.com/sites/default/files/tsinghua-university_626_small.jpg
2017,Asia
2017,238,tufts university,42,https://www.topuniversities.com/universities/tufts-university,United States,Medford,https://www.topuniversities.com/sites/default/files/tufts-university_630_small.jpg
2017,North America
2017,7,ucl,96,https://www.topuniversities.com/universities/ucl,United Kingdom,London,https://www.topuniversities.com/sites/default/files/ucl_592560cf2aeae70239af4bf1_small.jpg
2017,Europe
2017,308,universidad austral,36,https://www.topuniversities.com/universities/universidad-austral,Argentina,Pilar,https://www.topuniversities.com/sites/default/files/universidad-austral_38_small.jpg
2017,Latin America
2017,210,universidad aut„≥noma de madrid,46,https://www.topuniversities.com/universities/universidad-autonoma-de-madrid,Spain,Madrid,https://www.topuniversities.com/sites/default/files/universidad-autnoma-de-madrid_379_small.jpg
2017,Europe
2017,280,universidad carlos iii de madrid (uc3m),38,https://www.topuniversities.com/universities/universidad-carlos-iii-de-madrid-uc3m,Spain,Madrid,https://www.topuniversities.com/sites/default/files/universidad-carlos-iii-de-madrid-uc3m_1509_small.jpg
2017,Europe
2017,128,universidad nacional aut„≥noma de m„©xico  (unam),58,https://www.topuniversities.com/universities/universidad-nacional-autonoma-de-mexico-unam,Mexico,Mexico City,https://www.topuniversities.com/sites/default/files/universidad-nacional-autnoma-de-mxico-unam_425_small.jpg
2017,Latin America
2017,200,universidad de chile,47,https://www.topuniversities.com/universities/universidad-de-chile,Chile,Santiago,https://www.topuniversities.com/sites/default/files/universidad-de-chile_121_small.jpg
2017,Latin America
2017,272,universidad de los andes,39,https://www.topuniversities.com/universities/universidad-de-los-andes,Colombia,Bogotá,https://www.topuniversities.com/sites/default/files/universidad-de-los-andes_592560cf2aeae70239af4bf6_small.jpg
2017,Latin America
2017,191,universidade estadual de campinas (unicamp),48,https://www.topuniversities.com/universities/universidade-estadual-de-campinas-unicamp,Brazil,Campinas,https://www.topuniversities.com/sites/default/files/universidade-estadual-de-campinas-unicamp_96_small.jpg
2017,Latin America
2017,366,universidade nova de lisboa,32,https://www.topuniversities.com/universities/universidade-nova-de-lisboa,Portugal,Lisbon,https://www.topuniversities.com/sites/default/files/universidade-nova-de-lisboa_460_small.jpg
2017,Europe
2017,120,universidade de s„£o paulo,59,https://www.topuniversities.com/universities/universidade-de-sao-paulo,Brazil,S√£o Paulo,https://www.topuniversities.com/sites/default/files/universidade-de-so-paulo_550_small.jpg
2017,Latin America
2017,321,universitat polit„®cnica de catalunya ‚∑ barcelonatech (upc),35,https://www.topuniversities.com/universities/universitat-politecnica-de-catalunya-barcelonatech-upc,Spain,Barcelona,https://www.topuniversities.com/sites/default/files/universitat-politcnica-de-catalunya_103_small.jpg
2017,Europe
2017,283,universitat pompeu fabra (barcelona),38,https://www.topuniversities.com/universities/universitat-pompeu-fabra,Spain,Barcelona,https://www.topuniversities.com/sites/default/files/universitat-pompeu-fabra_504_small.jpg
2017,Europe
2017,160,universitat de barcelona,53,https://www.topuniversities.com/universities/universitat-de-barcelona,Spain,Barcelona,https://www.topuniversities.com/sites/default/files/university-of-barcelona_592560cf2aeae70239af4aaf_small.jpg
2017,Europe
2017,270,universiti putra malaysia (upm),39,https://www.topuniversities.com/universities/universiti-putra-malaysia-upm,Malaysia,Seri Kembangan,https://www.topuniversities.com/sites/default/files/universiti-putra-malaysia-upm_385_small.jpg
2017,Asia
2017,176,university college dublin,50,https://www.topuniversities.com/universities/university-college-dublin,Ireland,Dublin,https://www.topuniversities.com/sites/default/files/university-college-dublin_166_small.jpg
2017,Europe
2017,94,university of alberta,64,https://www.topuniversities.com/universities/university-alberta,Canada,Edmonton,https://www.topuniversities.com/sites/default/files/university-of-alberta_15_small.jpg
2017,North America
2017,141,university of basel,56,https://www.topuniversities.com/universities/university-basel,Switzerland,Basel,https://www.topuniversities.com/sites/default/files/university-of-basel_46_small.jpg
2017,Europe
2017,82,university of birmingham,67,https://www.topuniversities.com/universities/university-birmingham,United Kingdom,Birmingham,https://www.topuniversities.com/sites/default/files/university-of-birmingham_59_small.jpg
2017,Europe
2017,28,university of california|| berkeley (ucb),85,https://www.topuniversities.com/universities/university-california-berkeley-ucb,United States,Berkeley,https://www.topuniversities.com/sites/default/files/university-of-california-berkeley-ucb_84_small.jpg
2017,North America
2017,85,university of california|| davis,66,https://www.topuniversities.com/universities/university-california-davis,United States,Davis,https://www.topuniversities.com/sites/default/files/university-of-california-davis_592560cf2aeae70239af4ad8_small.jpg
2017,North America
2017,156,university of california|| irvine,53,https://www.topuniversities.com/universities/university-california-irvine,United States,Irvine,https://www.topuniversities.com/sites/default/files/university-of-california-irvine_86_small.jpg
2017,North America
2017,40,university of california|| san diego (ucsd),81,https://www.topuniversities.com/universities/university-california-san-diego-ucsd,United States,San Diego,https://www.topuniversities.com/sites/default/files/university-of-california-san-diego-ucsd_89_small.jpg
2017,North America
2017,118,university of california|| santa barbara (ucsb),59,https://www.topuniversities.com/universities/university-california-santa-barbara-ucsb,United States,Santa Barbara,https://www.topuniversities.com/sites/default/files/university-of-california-santa-barbara-ucsb_91_small.jpg
2017,North America
2017,296,university of california|| santa cruz,37,https://www.topuniversities.com/universities/university-california-santa-cruz,United States,Santa Cruz,https://www.topuniversities.com/sites/default/files/university-of-california-santa-cruz_92_small.jpg
2017,North America
2017,214,university of canterbury,45,https://www.topuniversities.com/universities/university-canterbury,New Zealand,Christchurch,https://www.topuniversities.com/sites/default/files/university-of-canterbury_97_small.jpg
2017,Oceania
2017,170,university of colorado boulder,51,https://www.topuniversities.com/universities/university-colorado-boulder,United States,Boulder,https://www.topuniversities.com/sites/default/files/university-of-colorado-boulder_137_small.jpg
2017,North America
2017,68,university of copenhagen,70,https://www.topuniversities.com/universities/university-copenhagen,Denmark,Copenhagen,https://www.topuniversities.com/sites/default/files/university-of-copenhagen_141_small.jpg
2017,Europe
2017,95,university of geneva,64,https://www.topuniversities.com/universities/university-geneva,Switzerland,Geneva,https://www.topuniversities.com/sites/default/files/university-of-geneva_221_small.jpg
2017,Europe
2017,63,university of glasgow,72,https://www.topuniversities.com/universities/university-glasgow,United Kingdom,Glasgow,https://www.topuniversities.com/sites/default/files/university-of-glasgow_592560cf2aeae70239af4b6c_small.jpg
2017,Europe
2017,113,university of groningen,60,https://www.topuniversities.com/universities/university-groningen,Netherlands,Groningen,https://www.topuniversities.com/sites/default/files/university-of-groningen_243_small.jpg
2017,Europe
2017,187,university of illinois at chicago (uic),48,https://www.topuniversities.com/universities/university-illinois-chicago-uic,United States,Chicago,https://www.topuniversities.com/sites/default/files/university-of-illinois-chicago-uic_592560cf2aeae70239af4b9a_small.jpg
2017,North America
2017,66,university of illinois at urbana-champaign,71,https://www.topuniversities.com/universities/university-illinois-urbana-champaign,United States,Champaign,https://www.topuniversities.com/sites/default/files/university-of-illinois-at-urbana-champaign_2090_small.jpg
2017,North America
2017,393,university of iowa,31,https://www.topuniversities.com/universities/university-iowa,United States,Iowa City,https://www.topuniversities.com/sites/default/files/university-of-iowa_592560cf2aeae70239af4baa_small.jpg
2017,North America
2017,373,university of kansas,32,https://www.topuniversities.com/universities/university-kansas,United States,Lawrence,https://www.topuniversities.com/sites/default/files/university-of-kansas_309_small.jpg
2017,North America
2017,138,university of lausanne,56,https://www.topuniversities.com/universities/university-lausanne,Switzerland,Lausanne,https://www.topuniversities.com/sites/default/files/university-of-lausanne_592560cf2aeae70239af4bd3_small.jpg
2017,Europe
2017,239,university of leicester,42,https://www.topuniversities.com/universities/university-leicester,United Kingdom,Leicester,https://www.topuniversities.com/sites/default/files/university-of-leicester_339_small.jpg
2017,Europe
2017,330,university of lisbon ,35,https://www.topuniversities.com/universities/university-lisbon,Portugal,Lisbon ,https://www.topuniversities.com/sites/default/files/university-of-lisbon_1475_small.jpg
2017,Europe
2017,131,university of maryland|| college park,58,https://www.topuniversities.com/universities/university-maryland-college-park,United States,College Park,https://www.topuniversities.com/sites/default/files/university-of-maryland-college-park_393_small.jpg
2017,North America
2017,252,university of miami,41,https://www.topuniversities.com/universities/university-miami,United States,Miami,https://www.topuniversities.com/sites/default/files/university-of-miami_401_small.jpg
2017,North America
2017,245,university of navarra,41,https://www.topuniversities.com/universities/university-navarra,Spain,Pamplona,https://www.topuniversities.com/sites/default/files/university-of-navarra_592560cf2aeae70239af4c40_small.jpg
2017,Europe
2017,78,university of north carolina|| chapel hill,68,https://www.topuniversities.com/universities/university-north-carolina-chapel-hill,United States,Chapel Hill,https://www.topuniversities.com/sites/default/files/university-of-north-carolina-chapel-hill_424_small.jpg
2017,North America
2017,75,university of nottingham,69,https://www.topuniversities.com/universities/university-nottingham,United Kingdom,Nottingham,https://www.topuniversities.com/sites/default/files/the-university-of-nottingham_592560cf2aeae70239af4c4e_small.jpg
2017,Europe
2017,291,university of ottawa,37,https://www.topuniversities.com/universities/university-ottawa,Canada,Ottawa,https://www.topuniversities.com/sites/default/files/university-of-ottawa_475_small.jpg
2017,North America
2017,18,university of pennsylvania,89,https://www.topuniversities.com/universities/university-pennsylvania,United States,Philadelphia,https://www.topuniversities.com/sites/default/files/university-of-pennsylvania_495_small.jpg
2017,North America
2017,185,university of rochester,49,https://www.topuniversities.com/universities/university-rochester,United States,Rochester,https://www.topuniversities.com/sites/default/files/university-of-rochester_592560cf2aeae70239af4c96_small.jpg
2017,North America
2017,288,university of south australia,37,https://www.topuniversities.com/universities/university-south-australia,Australia,Magill,https://www.topuniversities.com/sites/default/files/university-of-south-australia_566_small.jpg
2017,Oceania
2017,136,university of southern california,57,https://www.topuniversities.com/universities/university-southern-california,United States,Los Angeles,https://www.topuniversities.com/sites/default/files/university-of-southern-california_569_small.jpg
2017,North America
2017,288,university of st.gallen (hsg),37,https://www.topuniversities.com/universities/university-stgallen-hsg,Switzerland,St. Gallen,https://www.topuniversities.com/sites/default/files/university-of-st.gallen-hsg_571_small.jpg
2017,Europe
2017,385,university of stirling,31,https://www.topuniversities.com/universities/university-stirling,United Kingdom,Stirling,https://www.topuniversities.com/sites/default/files/university-of-stirling_575_small.jpg
2017,Europe
2017,272,university of strathclyde,39,https://www.topuniversities.com/universities/university-strathclyde,United Kingdom,Glasgow,https://www.topuniversities.com/sites/default/files/university-of-strathclyde_579_small.jpg
2017,Europe
2017,347,university of tartu,34,https://www.topuniversities.com/universities/university-tartu,Estonia,Tartu,https://www.topuniversities.com/sites/default/files/university-of-tartu_592560cf2aeae70239af4d08_small.jpg
2017,Europe
2017,370,university of tasmania,32,https://www.topuniversities.com/universities/university-tasmania,Australia,Hobart,https://www.topuniversities.com/sites/default/files/university-of-tasmania_592560cf2aeae70239af4cd5_small.jpg
2017,Oceania
2017,193,university of technology sydney,48,https://www.topuniversities.com/universities/university-technology-sydney,Australia,Haymarket,https://www.topuniversities.com/sites/default/files/university-of-technology-sydney_592560cf2aeae70239af4ccf_small.jpg
2017,Oceania
2017,380,university of texas dallas,31,https://www.topuniversities.com/universities/university-texas-dallas,United States,Richardson,https://www.topuniversities.com/sites/default/files/university-of-texas-dallas_592560cf2aeae70239af5355_small.jpg
2017,North America
2017,32,university of toronto,84,https://www.topuniversities.com/universities/university-toronto,Canada,Toronto,https://www.topuniversities.com/sites/default/files/university-of-toronto_619_small.jpg
2017,North America
2017,377,university of troms„∏ the arctic university of norway,31,https://www.topuniversities.com/universities/university-tromso-arctic-university-norway,Norway,Troms√∏,https://www.topuniversities.com/sites/default/files/university-of-troms-the-arctic-university-of-norway_625_small.jpg
2017,Europe
2017,234,university of turku,43,https://www.topuniversities.com/universities/university-turku,Finland,Turku,https://www.topuniversities.com/sites/default/files/university-of-turku_592560cf2aeae70239af4cfe_small.jpg
2017,Europe
2017,177,university of twente,50,https://www.topuniversities.com/universities/university-twente,Netherlands,Enschede,https://www.topuniversities.com/sites/default/files/university-of-twente_635_small.jpg
2017,Europe
2017,325,university of victoria (uvic),35,https://www.topuniversities.com/universities/university-victoria-uvic,Canada,Victoria,https://www.topuniversities.com/sites/default/files/university-of-victoria-uvic_592560cf2aeae70239af4d0e_small.jpg
2017,North America
2017,172,university of virginia,51,https://www.topuniversities.com/universities/university-virginia,United States,Charlottesville,https://www.topuniversities.com/sites/default/files/university-of-virginia_656_small.jpg
2017,North America
2017,324,university of waikato,35,https://www.topuniversities.com/universities/university-waikato,New Zealand,Hamilton ,https://www.topuniversities.com/sites/default/files/university-of-waikato_660_small.jpg
2017,Oceania
2017,152,university of waterloo,54,https://www.topuniversities.com/universities/university-waterloo,Canada,Waterloo,https://www.topuniversities.com/sites/default/files/university-of-waterloo_670_small.jpg
2017,North America
2017,359,university of witwatersrand,33,https://www.topuniversities.com/universities/university-witwatersrand,South Africa,Johannesburg,https://www.topuniversities.com/sites/default/files/university-of-the-witwatersrand_679_small.jpg
2017,Africa
2017,218,university of wollongong,45,https://www.topuniversities.com/universities/university-wollongong,Australia,Wollongong,https://www.topuniversities.com/sites/default/files/university-of-wollongong_680_small.jpg
2017,Oceania
2017,80,university of zurich,68,https://www.topuniversities.com/universities/university-zurich,Switzerland,Zürich,https://www.topuniversities.com/sites/default/files/university-of-zurich_693_small.jpg
2017,Europe
2017,338,universit„†‚†di padova,34,https://www.topuniversities.com/universities/universita-di-padova,Italy,Padua,https://www.topuniversities.com/sites/default/files/universitdi-padova_480_small.jpg
2017,Europe
2017,232,universit„§t hamburg,43,https://www.topuniversities.com/universities/universitat-hamburg,Germany,Hamburg,https://www.topuniversities.com/sites/default/files/universitt-hamburg_592560cf2aeae70239af4b79_small.jpg
2017,Europe
2017,352,universit„§t konstanz,33,https://www.topuniversities.com/universities/universitat-konstanz,Germany,Konstanz,https://www.topuniversities.com/sites/default/files/universitt-konstanz_323_small.jpg
2017,Europe
2017,262,universit„© diderot  paris 7,39,https://www.topuniversities.com/universities/universite-diderot-paris-7,France,Paris,https://www.topuniversities.com/sites/default/files/universit-diderot-paris-7_592560cf2aeae70239af4c6c_small.jpg
2017,Europe
2017,206,universit„© grenoble alpes,46,https://www.topuniversities.com/universities/universite-grenoble-alpes,France,Grenoble,https://www.topuniversities.com/sites/default/files/universit-grenoble-alpes_592560cf2aeae70239af5ab2_small.jpg
2017,Europe
2017,228,universit„© paris 1 panth„©on-sorbonne ,43,https://www.topuniversities.com/universities/universite-paris-1-pantheon-sorbonne,France,Paris,https://www.topuniversities.com/sites/default/files/universit-paris-1-panthon-sorbonne_482_small.jpg
2017,Europe
2017,377,universit„© paris descartes,31,https://www.topuniversities.com/universities/universite-paris-descartes,France,Paris ,https://www.topuniversities.com/sites/default/files/universit-paris-descartes_486_small.jpg
2017,Europe
2017,356,universit„© paris-dauphine|| universit„© psl,33,https://www.topuniversities.com/universities/universite-paris-dauphine-universite-psl,France,Paris,https://www.topuniversities.com/sites/default/files/universit-paris-dauphine-universit-psl_592560cf2aeae70239af4c68_small.jpg
2017,Europe
2017,241,universit„© paris-saclay,42,https://www.topuniversities.com/universities/universite-paris-saclay,France,,https://www.topuniversities.com/sites/default/files/universit-paris-saclay_592560cf2aeae70239af4c6e_small.jpg
2017,Europe
2017,154,universit„© catholique de louvain (uclouvain),53,https://www.topuniversities.com/universities/universite-catholique-de-louvain-uclouvain,Belgium,Louvain-la-Neuve,https://www.topuniversities.com/sites/default/files/universit-catholique-de-louvain-uclouvain_592560cf2aeae70239af4aed_small.jpg
2017,Europe
2017,126,universit„© de montr„©al ,59,https://www.topuniversities.com/universities/universite-de-montreal,Canada,Montreal,https://www.topuniversities.com/sites/default/files/universit-de-montral_417_small.jpg
2017,North America
2017,260,universit„© de strasbourg,40,https://www.topuniversities.com/universities/universite-de-strasbourg,France,Strasbourg,https://www.topuniversities.com/sites/default/files/universit-de-strasbourg_578_small.jpg
2017,Europe
2017,98,uppsala university,63,https://www.topuniversities.com/universities/uppsala-university,Sweden,Uppsala,https://www.topuniversities.com/sites/default/files/uppsala-university_643_small.jpg
2017,Europe
2017,104,utrecht university,62,https://www.topuniversities.com/universities/utrecht-university,Netherlands,Utrecht,https://www.topuniversities.com/sites/default/files/utrecht-university_646_small.jpg
2017,Europe
2017,382,v. n. karazin kharkiv national university,31,https://www.topuniversities.com/universities/v-n-karazin-kharkiv-national-university,Ukraine,Kharkiv,https://www.topuniversities.com/sites/default/files/v.-n.-karazin-kharkiv-national-university_19511_small.jpg
2017,Europe
2017,203,vanderbilt university,46,https://www.topuniversities.com/universities/vanderbilt-university,United States,Nashville,https://www.topuniversities.com/sites/default/files/vanderbilt-university_649_small.jpg
2017,North America
2017,361,virginia polytechnic institute and state university,32,https://www.topuniversities.com/universities/virginia-polytechnic-institute-state-university,United States,Blacksburg,https://www.topuniversities.com/sites/default/files/virginia-polytechnic-institute-and-state-university_592560cf2aeae70239af4d15_small.jpg
2017,North America
2017,182,vrije universiteit brussel (vub),49,https://www.topuniversities.com/universities/vrije-universiteit-brussel-vub,Belgium,Brussels,https://www.topuniversities.com/sites/default/files/vrije-universiteit-brussel-vub_74_small.jpg
2017,Europe
2017,198,western university,47,https://www.topuniversities.com/universities/western-university,Canada,London,https://www.topuniversities.com/sites/default/files/the-university-of-western-ontario_674_small.jpg
2017,North America
2017,294,westf„§lische wilhelms-universit„§t m„ºnster ,37,https://www.topuniversities.com/universities/westfalische-wilhelms-universitat-munster,Germany,M√ºnster,https://www.topuniversities.com/sites/default/files/westflische-wilhelms-universitt-mnster_421_small.jpg
2017,Europe
2017,318,xi’an jiaotong university,36,https://www.topuniversities.com/universities/xian-jiaotong-university,China (Mainland),Xi'an,https://www.topuniversities.com/sites/default/files/xian-jiaotong-university_683_small.jpg
2017,Asia
2017,330,yeshiva university,35,https://www.topuniversities.com/universities/yeshiva-university,United States,New York City,https://www.topuniversities.com/sites/default/files/the-katz-school-at-yeshiva-university_685_small.jpg
2017,North America
2017,112,yonsei university,61,https://www.topuniversities.com/universities/yonsei-university,South Korea,Seoul,https://www.topuniversities.com/sites/default/files/yonsei-university_688_small.jpg
2017,Asia
2017,110,zhejiang university,62,https://www.topuniversities.com/universities/zhejiang-university,China (Mainland),Hangzhou,https://www.topuniversities.com/sites/default/files/zhejiang-university_592560cf2aeae70239af4d37_small.jpg
2017,Asia
2017,177,„âcole normale sup„©rieure de lyon,50,https://www.topuniversities.com/universities/ecole-normale-superieure-de-lyon,France,Lyon,https://www.topuniversities.com/sites/default/files/cole-normale-suprieure-de-lyon_175_small.jpg
2017,Europe
